{"loss": 0.5901445150375366, "_timestamp": 1696798177.2879348, "_runtime": 9254.452222824097, "_step": 30728, "train/loss": 0.0984, "train/learning_rate": 4.651162790697675e-07, "train/epoch": 3.98, "train/global_step": 860, "eval/loss": 0.1930316686630249, "eval/runtime": 97.2989, "eval/samples_per_second": 248.307, "eval/steps_per_second": 6.208, "train/train_runtime": 9230.8513, "train/train_samples_per_second": 59.886, "train/train_steps_per_second": 0.093, "train/total_flos": 6.114292472827872e+16, "train/train_loss": 0.3028108241946198, "_wandb": {"runtime": 9255}}