{"loss": 2.1508448123931885, "_timestamp": 1696611653.8718069, "_runtime": 342.5596168041229, "_step": 588, "_wandb": {"runtime": 342}}