{"loss": 0.012374477460980415, "_timestamp": 1696885651.933879, "_runtime": 13817.124003887177, "_step": 48960, "train/loss": 0.176, "train/learning_rate": 4.938271604938272e-07, "train/epoch": 5.0, "train/global_step": 1215, "eval/loss": 0.0029926577117294073, "eval/runtime": 43.9124, "eval/samples_per_second": 113.863, "eval/steps_per_second": 5.693, "train/train_runtime": 13795.7819, "train/train_samples_per_second": 56.39, "train/train_steps_per_second": 0.088, "train/total_flos": 2.03140145631744e+17, "train/train_loss": 0.8064407085685573, "_wandb": {"runtime": 13817}}