{"overall_loss": 11.083023071289062, "loss": NaN, "da_loss": 11.083023071289062, "_timestamp": 1697360395.9479568, "_runtime": 22.43896985054016, "_step": 37, "_wandb": {"runtime": 21}}