{"loss": 2.265317678451538, "_timestamp": 1697122245.2827983, "_runtime": 96.35689735412598, "_step": 256, "_wandb": {"runtime": 95}}