{"loss": 0.00042125285835936666, "_timestamp": 1696695640.4820254, "_runtime": 19001.62134027481, "_step": 54356, "train/loss": 0.0125, "train/learning_rate": 6.91588785046729e-06, "train/epoch": 9.73, "train/global_step": 1050, "eval/loss": 0.20502787828445435, "eval/runtime": 96.9809, "eval/samples_per_second": 249.121, "eval/steps_per_second": 6.228, "_wandb": {"runtime": 19000}}