{"loss": 0.5404610633850098, "_timestamp": 1697114118.214904, "_runtime": 7412.027032136917, "_step": 35978, "train/loss": 0.4019, "train/learning_rate": 4.5325779036827203e-07, "train/epoch": 1.0, "train/global_step": 706, "eval/loss": 0.7020907402038574, "eval/runtime": 74.2324, "eval/samples_per_second": 156.131, "eval/steps_per_second": 7.813, "train/train_runtime": 7325.2164, "train/train_samples_per_second": 61.743, "train/train_steps_per_second": 0.096, "train/total_flos": 4.828102071429792e+16, "train/train_loss": 0.4098255424931772, "_wandb": {"runtime": 7414}}