{"da_loss": 1.76564621925354, "_timestamp": 1697255160.0665445, "_runtime": 748.8174614906311, "_step": 7029, "overall_loss": 1.7883169651031494, "loss": 0.015113823115825653, "train/loss": 3.0573, "train/learning_rate": 1.8520345252774353e-05, "train/epoch": 0.07, "train/global_step": 60, "eval/loss": 1.1883662939071655, "eval/runtime": 59.4574, "eval/samples_per_second": 194.93, "eval/steps_per_second": 9.755, "_wandb": {"runtime": 747}}