{"loss": 2.385910987854004, "_timestamp": 1697104945.5380402, "_runtime": 52.256739139556885, "_step": 139, "_wandb": {"runtime": 51}}