{"loss": 2.3286726474761963, "_timestamp": 1696600090.5973368, "_runtime": 123.90194272994995, "_step": 185, "_wandb": {"runtime": 123}}