{"loss": 2.3804714679718018, "_timestamp": 1696789659.1645088, "_runtime": 407.4533939361572, "_step": 429, "_wandb": {"runtime": 407}}