{"da_loss": 0.697628915309906, "_timestamp": 1697244430.436423, "_runtime": 104.58495497703552, "_step": 1, "loss": 2.3146164417266846, "_wandb": {"runtime": 103}}