{"loss": 4.450927734375, "_timestamp": 1696871687.2491589, "_runtime": 688.0000319480896, "_step": 2116, "_wandb": {"runtime": 687}}