{"loss": 0.05659687519073486, "_timestamp": 1697140182.0384376, "_runtime": 3619.236337661743, "_step": 17698, "train/loss": 0.5322, "train/learning_rate": 1.303116147308782e-06, "train/epoch": 1.0, "train/global_step": 353, "eval/loss": 0.7632700204849243, "eval/runtime": 77.2165, "eval/samples_per_second": 150.097, "eval/steps_per_second": 7.511, "train/train_runtime": 3571.6629, "train/train_samples_per_second": 63.304, "train/train_steps_per_second": 0.099, "train/total_flos": 2.416150766417172e+16, "train/train_loss": 0.6478766503482635, "_wandb": {"runtime": 3620}}