{"loss": 2.297637939453125, "_timestamp": 1697105133.655516, "_runtime": 67.28595280647278, "_step": 201, "_wandb": {"runtime": 66}}