{"loss": 0.00010817646398209035, "_timestamp": 1696853111.9684758, "_runtime": 15130.335857868195, "_step": 69026, "train/loss": 0.0772, "train/learning_rate": 2.0000000000000002e-07, "train/epoch": 3.99, "train/global_step": 1000, "eval/loss": 0.00038673781091347337, "eval/runtime": 162.6357, "eval/samples_per_second": 137.67, "eval/steps_per_second": 6.887, "train/train_runtime": 15112.5903, "train/train_samples_per_second": 42.505, "train/train_steps_per_second": 0.066, "train/total_flos": 7.55984760401754e+16, "train/train_loss": 0.32016772708296776, "_wandb": {"runtime": 15132}}