{"loss": 2.2831501960754395, "_timestamp": 1696835898.111752, "_runtime": 34.88134813308716, "_step": 17, "_wandb": {"runtime": 33}}