{"loss": 2.264866828918457, "_timestamp": 1697192240.3357327, "_runtime": 26.59565258026123, "_step": 0, "_wandb": {"runtime": 25}}