{"loss": 0.8372629880905151, "_timestamp": 1697141706.0882752, "_runtime": 5198.071308135986, "_step": 26822, "train/loss": 0.4555, "train/learning_rate": 7.183364839319472e-07, "train/epoch": 1.0, "train/global_step": 529, "eval/loss": 0.67223060131073, "eval/runtime": 73.5448, "eval/samples_per_second": 157.591, "eval/steps_per_second": 7.886, "train/train_runtime": 5127.3284, "train/train_samples_per_second": 66.146, "train/train_steps_per_second": 0.103, "train/total_flos": 3.617519447375292e+16, "train/train_loss": 0.5370298126018791, "_wandb": {"runtime": 5199}}