{"loss": 2.3505802154541016, "_timestamp": 1696669978.9977114, "_runtime": 8480.39187335968, "_step": 22180, "train/loss": 2.247, "train/learning_rate": 3.7383177570093457e-07, "train/epoch": 3.96, "train/global_step": 428, "eval/loss": 2.282166004180908, "eval/runtime": 98.1573, "eval/samples_per_second": 246.136, "eval/steps_per_second": 6.153, "train/train_runtime": 8444.4512, "train/train_samples_per_second": 65.463, "train/train_steps_per_second": 0.051, "train/total_flos": 6.08561156975508e+16, "train/train_loss": 2.275122673712044, "_wandb": {"runtime": 8481}}