{"loss": 2.307814359664917, "_timestamp": 1696524667.173344, "_runtime": 573.1540949344635, "_step": 1052, "_wandb": {"runtime": 572}}