{"loss": 2.1972007751464844, "_timestamp": 1696606051.3727665, "_runtime": 17320.601278543472, "_step": 35411, "train/loss": 2.2156, "train/learning_rate": 1.5823665893271463e-05, "train/epoch": 2.08, "train/global_step": 900, "eval/loss": 2.2156176567077637, "eval/runtime": 152.7712, "eval/samples_per_second": 158.145, "eval/steps_per_second": 3.954, "_wandb": {"runtime": 17320}}