{"loss": 2.2801733016967773, "_timestamp": 1696871584.378378, "_runtime": 345.1273248195648, "_step": 1051, "_wandb": {"runtime": 344}}