{"da_loss": 0.7579318284988403, "_timestamp": 1697198627.613486, "_runtime": 5603.401997089386, "_step": 80398, "loss": 1.2595932483673096, "overall_loss": 2.0175251960754395, "train/loss": 1.3045, "train/learning_rate": 7.183364839319472e-07, "train/epoch": 1.0, "train/global_step": 529, "eval/loss": 1.358577013015747, "eval/runtime": 80.6588, "eval/samples_per_second": 143.692, "eval/steps_per_second": 7.191, "train/train_runtime": 5578.5909, "train/train_samples_per_second": 60.795, "train/train_steps_per_second": 0.095, "train/total_flos": 3.642529462457652e+16, "train/train_loss": 1.6653366016755708, "_wandb": {"runtime": 5605}}