{"da_loss": 0.8992427587509155, "_timestamp": 1697254375.1596076, "_runtime": 9858.758293628693, "_step": 124890, "loss": 0.12744444608688354, "overall_loss": 1.0266871452331543, "train/loss": 1.5037, "train/learning_rate": 2.466091245376079e-08, "train/epoch": 1.0, "train/global_step": 811, "eval/loss": 1.5462511777877808, "eval/runtime": 80.6669, "eval/samples_per_second": 143.677, "eval/steps_per_second": 7.19, "train/train_runtime": 9838.1374, "train/train_samples_per_second": 52.778, "train/train_steps_per_second": 0.082, "train/total_flos": 6.90017173162434e+16, "train/train_loss": 1.5513250492650983, "_wandb": {"runtime": 9861}}