{"overall_loss": 1.280175805091858, "loss": NaN, "da_loss": 1.280175805091858, "_timestamp": 1697341762.28182, "_runtime": 26.562777042388916, "_step": 61, "_wandb": {"runtime": 25}}