{"loss": 0.10674962401390076, "_timestamp": 1697132952.5289516, "_runtime": 3431.381645679474, "_step": 17698, "train/loss": 0.5401, "train/learning_rate": 1.303116147308782e-06, "train/epoch": 1.0, "train/global_step": 353, "eval/loss": 0.687648355960846, "eval/runtime": 73.8535, "eval/samples_per_second": 156.932, "eval/steps_per_second": 7.853, "train/train_runtime": 3382.8722, "train/train_samples_per_second": 66.837, "train/train_steps_per_second": 0.104, "train/total_flos": 2.396291198937936e+16, "train/train_loss": 0.9019061944977758, "_wandb": {"runtime": 3432}}