{"overall_loss": 0.36421483755111694, "loss": 2.8967437174287625e-05, "da_loss": 0.7283717393875122, "_timestamp": 1697337017.4608045, "_runtime": 34638.188522577286, "_step": 140982, "train/loss": 0.4931, "train/learning_rate": 1.1409942950285251e-07, "train/epoch": 1.0, "train/global_step": 12270, "eval/loss": 0.6314912438392639, "eval/runtime": 42.0357, "eval/samples_per_second": 165.812, "eval/steps_per_second": 8.302, "train/train_runtime": 34617.6625, "train/train_samples_per_second": 56.713, "train/train_steps_per_second": 0.354, "train/total_flos": 2.680950203396384e+17, "train/train_loss": 0.6130674124346969, "_wandb": {"runtime": 34638}}