{"loss": 1.4500900506973267, "_timestamp": 1696825195.7200348, "_runtime": 7488.67663192749, "_step": 22180, "train/loss": 1.5394, "train/learning_rate": 3.7383177570093457e-07, "train/epoch": 3.96, "train/global_step": 428, "eval/loss": 1.574649453163147, "eval/runtime": 94.6855, "eval/samples_per_second": 255.161, "eval/steps_per_second": 6.379, "train/train_runtime": 7467.6129, "train/train_samples_per_second": 74.026, "train/train_steps_per_second": 0.057, "train/total_flos": 6.08561156975508e+16, "train/train_loss": 1.644186817597006, "_wandb": {"runtime": 7488}}