{"loss": 2.325011968612671, "_timestamp": 1696836060.5615351, "_runtime": 37.614275217056274, "_step": 17, "_wandb": {"runtime": 36}}