{"loss": 0.13159239292144775, "_timestamp": 1696887626.4309533, "_runtime": 15999.025532245636, "_step": 73670, "train/loss": 0.2377, "train/learning_rate": 9.30232558139535e-07, "train/epoch": 4.98, "train/global_step": 1075, "eval/loss": 0.03179183229804039, "eval/runtime": 191.025, "eval/samples_per_second": 117.21, "eval/steps_per_second": 5.863, "train/train_runtime": 15974.2585, "train/train_samples_per_second": 43.257, "train/train_steps_per_second": 0.067, "train/total_flos": 1.561635401969664e+17, "train/train_loss": 0.8707622195399085, "_wandb": {"runtime": 15998}}