{"loss": 0.005006018094718456, "_timestamp": 1696741994.4199445, "_runtime": 43330.0707886219, "_step": 112857, "train/loss": 0.0377, "train/learning_rate": 1.2159709618874773e-05, "train/epoch": 3.92, "train/global_step": 2160, "eval/loss": 3.101283073425293, "eval/runtime": 97.3014, "eval/samples_per_second": 248.301, "eval/steps_per_second": 6.208, "_wandb": {"runtime": 43329}}