{"overall_loss": 1.34375, "loss": NaN, "da_loss": 1.34375, "_timestamp": 1697374101.2249224, "_runtime": 12888.726593494415, "_step": 108357, "train/loss": 1.4004, "train/learning_rate": 2.119093028183937e-08, "train/epoch": 1.0, "train/global_step": 4719, "eval/loss": 0.3355603516101837, "eval/runtime": 43.9824, "eval/samples_per_second": 158.473, "eval/steps_per_second": 15.847, "train/train_runtime": 12870.5215, "train/train_samples_per_second": 58.67, "train/train_steps_per_second": 0.367, "train/total_flos": 2.883539951010902e+17, "train/train_loss": 1.4294956221017678, "_wandb": {"runtime": 12889}}