{"da_loss": 0.0464150495827198, "_timestamp": 1697192951.0402017, "_runtime": 337.16276955604553, "_step": 4621, "loss": 2.324509382247925, "overall_loss": 2.370924472808838, "train/loss": 3.7249, "train/learning_rate": 1.8865784499054822e-05, "train/epoch": 0.06, "train/global_step": 30, "eval/loss": 4.269162654876709, "eval/runtime": 81.8138, "eval/samples_per_second": 141.663, "eval/steps_per_second": 7.089, "_wandb": {"runtime": 342}}