{"loss": 0.0026901140809059143, "_timestamp": 1696754524.6036704, "_runtime": 12413.553919315338, "_step": 48334, "train/loss": 0.1081, "train/learning_rate": 1.6241299303944316e-07, "train/epoch": 3.99, "train/global_step": 1724, "eval/loss": 0.23672759532928467, "eval/runtime": 96.5317, "eval/samples_per_second": 250.28, "eval/steps_per_second": 6.257, "train/train_runtime": 12383.4844, "train/train_samples_per_second": 44.64, "train/train_steps_per_second": 0.139, "train/total_flos": 6.12843867614952e+16, "train/train_loss": 0.2781426061610335, "_wandb": {"runtime": 12415}}