{"overall_loss": 0.6918062567710876, "loss": 0.023804696276783943, "da_loss": 1.336003065109253, "_timestamp": 1697302358.8775687, "_runtime": 135.72238874435425, "_step": 464, "_wandb": {"runtime": 134}}