{"loss": 2.3069212436676025, "_timestamp": 1696835758.3971653, "_runtime": 64.50137424468994, "_step": 17, "_wandb": {"runtime": 63}}