{"da_loss": 0.8052374124526978, "_timestamp": 1697209540.1440637, "_runtime": 3716.785855770111, "_step": 53050, "loss": 0.15845519304275513, "overall_loss": 0.9636926054954529, "train/loss": 1.5039, "train/learning_rate": 1.303116147308782e-06, "train/epoch": 1.0, "train/global_step": 353, "eval/loss": 1.5093497037887573, "eval/runtime": 78.6292, "eval/samples_per_second": 147.401, "eval/steps_per_second": 7.376, "train/train_runtime": 3697.2659, "train/train_samples_per_second": 61.153, "train/train_steps_per_second": 0.095, "train/total_flos": 2.432855021359932e+16, "train/train_loss": 2.042392903617016, "_wandb": {"runtime": 3718}}