{"loss": 0.6313318014144897, "_timestamp": 1697135127.3221033, "_runtime": 5406.038662195206, "_step": 26822, "train/loss": 0.382, "train/learning_rate": 7.183364839319472e-07, "train/epoch": 1.0, "train/global_step": 529, "eval/loss": 0.7762333154678345, "eval/runtime": 77.2492, "eval/samples_per_second": 150.034, "eval/steps_per_second": 7.508, "train/train_runtime": 5341.3258, "train/train_samples_per_second": 63.495, "train/train_steps_per_second": 0.099, "train/total_flos": 3.582750044703732e+16, "train/train_loss": 0.6709289866268973, "_wandb": {"runtime": 5407}}