{"loss": 2.2942676544189453, "_timestamp": 1696837915.6095088, "_runtime": 62.92984485626221, "_step": 107, "_wandb": {"runtime": 62}}