{"overall_loss": 0.7265956997871399, "loss": 3.194758028257638e-05, "da_loss": 0.7265637516975403, "_timestamp": 1697321659.5118968, "_runtime": 33372.96180677414, "_step": 140982, "train/loss": 0.8486, "train/learning_rate": 1.1409942950285251e-07, "train/epoch": 1.0, "train/global_step": 12270, "eval/loss": 0.5494174361228943, "eval/runtime": 41.4811, "eval/samples_per_second": 168.028, "eval/steps_per_second": 8.413, "train/train_runtime": 33352.0947, "train/train_samples_per_second": 58.865, "train/train_steps_per_second": 0.368, "train/total_flos": 2.680950203396384e+17, "train/train_loss": 1.035818850168292, "_wandb": {"runtime": 33372}}