{"da_loss": 0.7750474214553833, "_timestamp": 1697222978.773423, "_runtime": 9732.204745054245, "_step": 124890, "loss": 0.0040708063170313835, "overall_loss": 0.7791182398796082, "train/loss": 3703.6375, "train/learning_rate": 2.466091245376079e-08, "train/epoch": 1.0, "train/global_step": 811, "eval/loss": 1.4309027194976807, "eval/runtime": 77.5073, "eval/samples_per_second": 149.534, "eval/steps_per_second": 7.483, "train/train_runtime": 9605.0662, "train/train_samples_per_second": 54.059, "train/train_steps_per_second": 0.084, "train/total_flos": 6.715506764588076e+16, "train/train_loss": 86513.40862575677, "_wandb": {"runtime": 9733}}