{"overall_loss": 15.983936309814453, "loss": 0.42578125, "da_loss": 18.3037109375, "_timestamp": 1697361191.9213457, "_runtime": 279.074099779129, "_step": 2298, "train/loss": 14.3424, "train/learning_rate": 3.917779190506463e-06, "train/epoch": 0.02, "train/global_step": 100, "eval/loss": 0.5534003376960754, "eval/runtime": 43.4188, "eval/samples_per_second": 160.53, "eval/steps_per_second": 16.053, "_wandb": {"runtime": 278}}