{"loss": 1.9073462453889078e-06, "_timestamp": 1696629339.8834932, "_runtime": 29224.009179115295, "_step": 57420, "train/loss": 0.0096, "train/learning_rate": 1.308411214953271e-06, "train/epoch": 14.87, "train/global_step": 1605, "eval/loss": 0.7934557199478149, "eval/runtime": 98.4749, "eval/samples_per_second": 245.342, "eval/steps_per_second": 6.134, "train/train_runtime": 29201.4696, "train/train_samples_per_second": 70.99, "train/train_steps_per_second": 0.055, "train/total_flos": 2.2880879544986426e+17, "train/train_loss": 0.13145430593104376, "_wandb": {"runtime": 29225}}