{"da_loss": 1.126495122909546, "_timestamp": 1697263484.3201265, "_runtime": 8234.748098611832, "_step": 83278, "overall_loss": 1.286586880683899, "loss": 0.16009175777435303, "train/loss": 1.5145, "train/learning_rate": 2.466091245376079e-08, "train/epoch": 1.0, "train/global_step": 811, "eval/loss": 0.5849626064300537, "eval/runtime": 59.2537, "eval/samples_per_second": 195.6, "eval/steps_per_second": 9.788, "train/train_runtime": 8215.1051, "train/train_samples_per_second": 63.206, "train/train_steps_per_second": 0.099, "train/total_flos": 6.411729882330396e+16, "train/train_loss": 1.542246236901101, "_wandb": {"runtime": 8234}}