{"da_loss": 1.058150053024292, "_timestamp": 1697250572.471444, "_runtime": 5822.953758955002, "_step": 78573, "loss": 0.025580275803804398, "overall_loss": 1.0837303400039673, "train/loss": 1.3274, "train/learning_rate": 7.422934648581999e-06, "train/epoch": 0.63, "train/global_step": 510, "eval/loss": 1.721863865852356, "eval/runtime": 60.9319, "eval/samples_per_second": 190.212, "eval/steps_per_second": 9.519, "_wandb": {"runtime": 5824}}