{"loss": 0.05580063909292221, "_timestamp": 1696852133.6799035, "_runtime": 14640.982764482498, "_step": 69026, "train/loss": 0.0923, "train/learning_rate": 2.0000000000000002e-07, "train/epoch": 3.99, "train/global_step": 1000, "eval/loss": 0.0010237236274406314, "eval/runtime": 166.4544, "eval/samples_per_second": 134.511, "eval/steps_per_second": 6.729, "train/train_runtime": 14609.7338, "train/train_samples_per_second": 43.968, "train/train_steps_per_second": 0.068, "train/total_flos": 8.023527342536003e+16, "train/train_loss": 0.24556751912832261, "_wandb": {"runtime": 14643}}