{"loss": 0.01286275964230299, "_timestamp": 1696623080.0670638, "_runtime": 11361.452799797058, "_step": 33270, "train/loss": 0.0708, "train/learning_rate": 3.7383177570093457e-07, "train/epoch": 5.95, "train/global_step": 642, "eval/loss": 0.5404582023620605, "eval/runtime": 94.8432, "eval/samples_per_second": 254.736, "eval/steps_per_second": 6.368, "train/train_runtime": 11339.1186, "train/train_samples_per_second": 73.127, "train/train_steps_per_second": 0.057, "train/total_flos": 9.151771334440656e+16, "train/train_loss": 0.2893631953131001, "_wandb": {"runtime": 11362}}