{"loss": 2.2718324661254883, "_timestamp": 1697104856.1210759, "_runtime": 44.1768798828125, "_step": 100, "_wandb": {"runtime": 43}}