{"loss": 2.2310903072357178, "_timestamp": 1696611253.6404412, "_runtime": 64.61239719390869, "_step": 76, "_wandb": {"runtime": 64}}