{"da_loss": 1.1947709321975708, "_timestamp": 1697262100.1746433, "_runtime": 8372.591928243637, "_step": 83278, "overall_loss": 1.292051076889038, "loss": 0.09728016704320908, "train/loss": 1.5466, "train/learning_rate": 2.466091245376079e-08, "train/epoch": 1.0, "train/global_step": 811, "eval/loss": 0.5894582867622375, "eval/runtime": 60.349, "eval/samples_per_second": 192.049, "eval/steps_per_second": 9.611, "train/train_runtime": 8350.1506, "train/train_samples_per_second": 62.183, "train/train_steps_per_second": 0.097, "train/total_flos": 6.411729882330396e+16, "train/train_loss": 1.5792418862388695, "_wandb": {"runtime": 8372}}