{"overall_loss": 3.6702563762664795, "loss": 0.020321033895015717, "da_loss": 7.299870491027832, "_timestamp": 1697335454.8065596, "_runtime": 222.4342484474182, "_step": 404, "_wandb": {"runtime": 221}}