{"overall_loss": 3.771484375, "loss": 2.330078125, "da_loss": 2.8828125, "_timestamp": 1697341335.2682996, "_runtime": 1806.5472874641418, "_step": 15399, "train/loss": 1.7706, "train/learning_rate": 1.8463627546071778e-05, "train/epoch": 0.08, "train/global_step": 400, "eval/loss": 2.3034615516662598, "eval/runtime": 182.2663, "eval/samples_per_second": 123.336, "eval/steps_per_second": 12.334, "_wandb": {"runtime": 1811}}