{"overall_loss": 0.986572265625, "loss": NaN, "da_loss": 0.986572265625, "_timestamp": 1697350270.366208, "_runtime": 13067.65675497055, "_step": 108357, "train/loss": 0.8203, "train/learning_rate": 1.01716465352829e-07, "train/epoch": 1.0, "train/global_step": 4719, "eval/loss": 0.4036276042461395, "eval/runtime": 44.2376, "eval/samples_per_second": 157.558, "eval/steps_per_second": 15.756, "train/train_runtime": 13043.9246, "train/train_samples_per_second": 57.89, "train/train_steps_per_second": 0.362, "train/total_flos": 2.883539951010902e+17, "train/train_loss": 1.165286823207227, "_wandb": {"runtime": 13068}}