{"da_loss": 1.0145195722579956, "_timestamp": 1697221764.9425833, "_runtime": 8236.688761234283, "_step": 124890, "loss": 0.04585178196430206, "overall_loss": 1.0603713989257812, "train/loss": 4413.2943, "train/learning_rate": 2.466091245376079e-08, "train/epoch": 1.0, "train/global_step": 811, "eval/loss": 1.7313486337661743, "eval/runtime": 59.4599, "eval/samples_per_second": 194.921, "eval/steps_per_second": 9.754, "train/train_runtime": 8098.2112, "train/train_samples_per_second": 64.118, "train/train_steps_per_second": 0.1, "train/total_flos": 6.25055551776864e+16, "train/train_loss": 102376.80383714472, "_wandb": {"runtime": 8236}}