{"loss": 0.5910331010818481, "_timestamp": 1697127264.56145, "_runtime": 5000.331984043121, "_step": 26790, "train/loss": 0.3002, "train/learning_rate": 6.818181818181818e-07, "train/epoch": 2.99, "train/global_step": 528, "eval/loss": 0.7472521662712097, "eval/runtime": 74.1846, "eval/samples_per_second": 156.232, "eval/steps_per_second": 7.818, "train/train_runtime": 4982.1543, "train/train_samples_per_second": 68.103, "train/train_steps_per_second": 0.106, "train/total_flos": 3.457188615351624e+16, "train/train_loss": 0.6744089460734165, "_wandb": {"runtime": 5001}}