{"da_loss": 0.664217472076416, "_timestamp": 1697287610.9936085, "_runtime": 33.21739149093628, "_step": 92, "loss": 2.308987617492676, "overall_loss": 2.973205089569092, "_wandb": {"runtime": 32}}