{"loss": 2.338578701019287, "_timestamp": 1697105024.420499, "_runtime": 49.44196319580078, "_step": 123, "_wandb": {"runtime": 48}}