{"overall_loss": 2.05859375, "loss": NaN, "da_loss": 2.05859375, "_timestamp": 1697383129.0726407, "_runtime": 12982.249719619751, "_step": 108357, "train/loss": 2.1262, "train/learning_rate": 1.949565585929222e-08, "train/epoch": 1.0, "train/global_step": 4719, "eval/loss": 0.7731446027755737, "eval/runtime": 44.3968, "eval/samples_per_second": 156.993, "eval/steps_per_second": 15.699, "train/train_runtime": 12963.2762, "train/train_samples_per_second": 58.25, "train/train_steps_per_second": 0.364, "train/total_flos": 2.883539951010902e+17, "train/train_loss": 2.4395785694482037, "_wandb": {"runtime": 12983}}